,Ad Set Name,Age,Gender,Reach,Frequency,Amount Spent (USD),Impressions,"CPM (Cost per 1,000 Impressions) (USD)",Link Clicks,CPC (Cost per Link Click) (USD),CTR (Link Click-Through Rate),"Cost per 1,000 People Reached (USD)",Website Registrations Completed,Website Leads,Post Shares,Post Comments,Post Reactions,Cost per Website Registration Completed (USD),Cost per Website Lead (USD)
0,1,35-44,unknown,152,1.4210530000000001,3.12,216,14.444444,0.0,,,20.526316,0.0,0.0,1.0,0.0,5.0,,
1,1,35-44,female,6777,1.091486,101.53,7397,13.725835,21.0,4.8347620000000004,0.28389899999999996,14.981554999999998,0.0,0.0,30.0,8.0,258.0,,
2,1,35-44,male,6041,1.191359,70.83,7197,9.841600999999999,21.0,3.3728569999999998,0.291788,11.72488,0.0,5.0,50.0,18.0,283.0,,14.165999999999999
3,1,25-34,unknown,314,1.0,3.34,314,10.636942999999999,1.0,3.34,0.318471,10.636942999999999,0.0,0.0,2.0,2.0,9.0,,
4,1,25-34,male,7184,1.092567,63.25,7849,8.058351,20.0,3.1625,0.25481,8.804287,0.0,2.0,36.0,28.0,218.0,,31.625
5,1,25-34,female,6001,1.125979,76.95,6757,11.38819,23.0,3.345652,0.340388,12.822863,0.0,3.0,27.0,4.0,218.0,,25.65
6,2,35-44,unknown,112,1.223214,2.97,137,21.678832,0.0,,,26.517857,0.0,0.0,0.0,0.0,0.0,,
7,2,35-44,male,3324,1.23556,82.53,4107,20.09496,21.0,3.93,0.511322,24.82852,1.0,2.0,7.0,1.0,15.0,82.53,41.265
8,2,25-34,unknown,168,1.255952,4.25,211,20.14218,0.0,,,25.297619,0.0,0.0,0.0,0.0,1.0,,
9,2,35-44,female,4064,1.17372,138.34,4770,29.002096,46.0,3.007391,0.964361,34.040354,1.0,6.0,9.0,3.0,28.0,138.34,23.056667
10,2,25-34,male,4900,1.261633,111.54,6182,18.042704999999998,43.0,2.593953,0.6955680000000001,22.763265,1.0,3.0,5.0,1.0,19.0,111.54,37.18
11,2,25-34,female,4404,1.231608,138.06,5424,25.45354,46.0,3.001304,0.848083,31.348774,3.0,10.0,6.0,0.0,26.0,46.02,13.806
12,3,25-34,male,905,1.01105,23.78,915,25.989071,9.0,2.6422220000000003,0.983607,26.276243,0.0,0.0,1.0,1.0,0.0,,
13,3,25-34,unknown,27,1.0,0.55,27,20.37037,0.0,,,20.37037,0.0,0.0,0.0,0.0,0.0,,
14,3,25-34,female,775,1.0064520000000001,28.31,780,36.294872,4.0,7.0775,0.512821,36.529032,0.0,2.0,1.0,1.0,1.0,,14.155
15,3,35-44,female,571,1.003503,23.69,573,41.343804999999996,2.0,11.845,0.34904,41.488616,0.0,0.0,2.0,0.0,0.0,,
16,3,35-44,male,478,1.006276,13.66,481,28.399168,1.0,13.66,0.2079,28.577406,0.0,0.0,2.0,0.0,1.0,,
17,3,35-44,unknown,19,1.0,0.6,19,31.578946999999996,0.0,,,31.578946999999996,0.0,0.0,0.0,0.0,0.0,,
18,4,35-44,female,11536,1.234743,442.55,14244,31.069221999999996,139.0,3.1838130000000002,0.975849,38.362517,10.0,27.0,33.0,4.0,67.0,44.255,16.390741000000002
19,4,35-44,male,6696,1.366786,183.91,9152,20.095060999999998,62.0,2.9662900000000003,0.6774479999999999,27.465651,4.0,11.0,12.0,3.0,23.0,45.9775,16.719091
20,4,25-34,unknown,504,1.2599209999999998,11.62,635,18.299213,2.0,5.81,0.314961,23.055556,0.0,0.0,0.0,0.0,1.0,,
21,4,25-34,male,11424,1.300683,259.51,14859,17.464836,114.0,2.276404,0.767212,22.716210999999998,3.0,16.0,5.0,3.0,19.0,86.503333,16.219375
22,4,25-34,female,12680,1.279101,406.1,16219,25.038535,128.0,3.172656,0.789198,32.026814,6.0,22.0,8.0,0.0,46.0,67.68333299999999,18.459091
23,4,35-44,unknown,272,1.3897059999999999,9.03,378,23.888889000000002,3.0,3.01,0.793651,33.198529,1.0,1.0,0.0,0.0,0.0,9.03,9.03
24,4,45-54,male,0,0.0,0.02,1,20.0,0.0,,,0.0,0.0,0.0,0.0,0.0,0.0,,
25,4,65+,female,0,0.0,0.0,1,0.0,0.0,,,0.0,0.0,0.0,0.0,0.0,0.0,,
26,4,65+,male,0,0.0,0.03,1,30.0,0.0,,,0.0,0.0,0.0,0.0,0.0,0.0,,
27,5,25-34,male,9236,1.193482,254.98,11023,23.131634,74.0,3.445676,0.671324,27.607189,4.0,9.0,12.0,3.0,37.0,63.745,28.331111
28,5,25-34,female,3796,1.0795569999999999,95.57,4098,23.321132000000002,18.0,5.309444,0.43923900000000005,25.176502,3.0,8.0,11.0,1.0,114.0,31.856666999999998,11.94625
29,5,35-44,unknown,144,1.263889,4.14,182,22.747253,0.0,,,28.75,0.0,0.0,0.0,0.0,1.0,,
30,5,35-44,male,4308,1.147864,91.8,4945,18.564206,12.0,7.65,0.242669,21.309192000000003,5.0,8.0,21.0,8.0,146.0,18.36,11.475
31,5,35-44,female,5436,1.103569,151.43,5999,25.242539999999998,35.0,4.3265709999999995,0.583431,27.85688,4.0,13.0,22.0,6.0,171.0,37.8575,11.648462
32,5,25-34,male,3728,1.066255,69.16,3975,17.398742000000002,14.0,4.94,0.35220100000000004,18.551502,0.0,5.0,6.0,10.0,82.0,,13.832
33,5,25-34,unknown,188,1.010638,2.98,190,15.684211,0.0,,,15.851064000000001,0.0,0.0,0.0,0.0,2.0,,
34,6,25-34,male,42688,1.354924,1013.22,57839,17.517938,524.0,1.9336259999999998,0.905963,23.735476000000002,39.0,79.0,37.0,13.0,94.0,25.98,12.825569999999999
35,6,25-34,unknown,4320,1.270602,94.43,5489,17.203498,61.0,1.548033,1.111314,21.858795999999998,5.0,7.0,2.0,2.0,15.0,18.886,13.49
36,6,25-34,female,40736,1.4006530000000001,1391.7,57057,24.391398000000002,637.0,2.184772,1.116427,34.163885,36.0,101.0,64.0,14.0,138.0,38.658333,13.779207999999999
37,6,35-44,female,31296,1.4923950000000001,1301.55,46706,27.866869,579.0,2.2479270000000002,1.2396690000000001,41.588382,28.0,79.0,100.0,21.0,164.0,46.483928999999996,16.475316
38,6,35-44,male,28224,1.3429,724.93,37902,19.126431,334.0,2.170449,0.8812200000000001,25.684878,13.0,29.0,37.0,13.0,89.0,55.763845999999994,24.997586
39,6,65+,female,0,0.0,0.02,1,20.0,0.0,,,0.0,0.0,0.0,0.0,0.0,0.0,,
40,6,55-64,unknown,0,0.0,0.05,1,50.0,0.0,,,0.0,0.0,0.0,0.0,0.0,0.0,,
41,6,45-54,male,0,0.0,0.01,2,5.0,0.0,,,0.0,0.0,0.0,0.0,0.0,0.0,,
42,6,35-44,unknown,1120,2.325893,53.56,2605,20.560461,32.0,1.67375,1.228407,47.821428999999995,1.0,2.0,8.0,1.0,5.0,53.56,26.78
43,6,45-54,female,0,0.0,0.01,2,5.0,0.0,,,0.0,0.0,0.0,0.0,0.0,0.0,,
44,7,25-34,female,903,1.0022149999999999,31.07,905,34.331492,4.0,7.7675,0.441989,34.40753,0.0,0.0,0.0,0.0,2.0,,
45,7,25-34,male,1662,1.01444,47.42,1686,28.125740999999998,14.0,3.387143,0.830368,28.531889000000003,0.0,0.0,0.0,0.0,2.0,,
46,7,25-34,unknown,75,1.0,1.9,75,25.333333,0.0,,,25.333333,0.0,0.0,0.0,0.0,0.0,,
47,7,35-44,female,1355,1.058303,54.6,1434,38.075314,15.0,3.64,1.046025,40.295203,2.0,3.0,1.0,1.0,0.0,27.3,18.2
48,7,35-44,male,1987,1.0,60.04,1987,30.216407,15.0,4.002667,0.754907,30.216407,0.0,0.0,0.0,0.0,2.0,,
49,7,35-44,unknown,46,1.326087,1.44,61,23.606557000000002,0.0,,,31.304347999999997,0.0,0.0,0.0,0.0,0.0,,
50,8,35-44,unknown,25,1.0,0.68,25,27.2,0.0,,,27.2,0.0,0.0,0.0,0.0,0.0,,
51,8,35-44,female,338,1.0,14.34,338,42.426035999999996,1.0,14.34,0.295858,42.426035999999996,0.0,0.0,0.0,0.0,0.0,,
52,8,35-44,male,548,1.005474,21.42,551,38.874773,2.0,10.71,0.362976,39.087590999999996,0.0,1.0,2.0,0.0,3.0,,21.42
53,8,25-34,unknown,30,1.0,0.96,30,32.0,0.0,,,32.0,0.0,0.0,0.0,0.0,0.0,,
54,8,25-34,male,1009,1.001982,35.44,1011,35.054402,4.0,8.86,0.395648,35.123884999999994,1.0,1.0,0.0,1.0,6.0,35.44,35.44
55,8,25-34,female,433,1.006928,18.29,436,41.949540999999996,4.0,4.5725,0.917431,42.240185,0.0,2.0,0.0,0.0,1.0,,9.145
56,9,25-34,male,22832,1.09894,703.11,25091,28.022398,283.0,2.4844880000000003,1.127894,30.794937,20.0,72.0,9.0,12.0,36.0,35.1555,9.765417
57,9,25-34,unknown,768,1.134115,22.58,871,25.924225,3.0,7.526667,0.344432,29.401041999999997,0.0,0.0,0.0,0.0,1.0,,
58,9,25-34,female,11600,1.042155,423.48,12089,35.030193,140.0,3.024857,1.1580780000000002,36.506896999999995,11.0,23.0,5.0,7.0,30.0,38.498182,18.412174
59,9,18-24,male,0,0.0,0.05,1,50.0,0.0,,,0.0,0.0,0.0,0.0,0.0,0.0,,
60,9,35-44,female,9264,1.1466969999999999,439.47,10623,41.36967,149.0,2.949463,1.402617,47.438472,6.0,24.0,14.0,5.0,42.0,73.245,18.31125
61,9,35-44,male,12736,1.120053,443.12,14265,31.063442,144.0,3.077222,1.009464,34.792714000000004,3.0,17.0,2.0,3.0,39.0,147.70666699999998,26.065882000000002
62,9,35-44,unknown,320,1.515625,15.05,485,31.030928000000003,3.0,5.016667,0.618557,47.03125,0.0,0.0,0.0,0.0,1.0,,
63,10,25-34,female,2115,1.028842,74.74,2176,34.347426,14.0,5.338571,0.643382,35.338060999999996,1.0,7.0,0.0,0.0,4.0,74.74,10.677143
64,10,25-34,male,3827,1.0,111.48,3827,29.129866999999997,53.0,2.103396,1.384897,29.129866999999997,1.0,5.0,0.0,0.0,2.0,111.48,22.296
65,10,25-34,unknown,243,1.111111,7.18,270,26.592593,3.0,2.393333,1.111111,29.547325,0.0,0.0,0.0,0.0,0.0,,
66,10,35-44,unknown,154,1.0,3.89,154,25.25974,0.0,,,25.25974,0.0,0.0,0.0,0.0,1.0,,
67,10,35-44,female,2008,1.0,78.42,2008,39.053785,21.0,3.734286,1.045817,39.053785,2.0,7.0,2.0,0.0,6.0,39.21,11.202857
68,10,35-44,male,2841,1.014432,89.22,2882,30.957667999999998,19.0,4.6957889999999995,0.6592640000000001,31.404435,0.0,1.0,0.0,0.0,2.0,,89.22
69,11,25-34,unknown,79,1.0,2.21,79,27.974684000000003,0.0,,,27.974684000000003,0.0,0.0,0.0,0.0,0.0,,
70,11,35-44,female,1039,1.005775,48.72,1045,46.622009999999996,10.0,4.872,0.956938,46.891242,1.0,3.0,1.0,1.0,0.0,48.72,16.24
71,11,25-34,male,1416,1.002119,44.89,1419,31.634953999999997,16.0,2.805625,1.1275549999999999,31.701977000000003,0.0,2.0,1.0,1.0,4.0,,22.445
72,11,25-34,female,992,1.003024,43.92,995,44.140704,8.0,5.49,0.80402,44.274194,0.0,1.0,0.0,0.0,0.0,,43.92
73,11,35-44,male,1039,1.001925,36.32,1041,34.889528999999996,7.0,5.188571,0.67243,34.956689000000004,0.0,0.0,0.0,0.0,1.0,,
74,11,35-44,unknown,45,1.0,1.06,45,23.555556,0.0,,,23.555556,0.0,0.0,0.0,0.0,0.0,,
75,11,35-44,unknown,58,1.0,1.97,58,33.965517,1.0,1.97,1.7241380000000002,33.965517,0.0,0.0,0.0,0.0,0.0,,
76,11,65+,female,1,1.0,0.07,1,70.0,0.0,,,70.0,0.0,0.0,0.0,0.0,0.0,,
77,11,35-44,male,1232,1.0,47.28,1232,38.376622999999995,9.0,5.2533330000000005,0.7305189999999999,38.376622999999995,1.0,2.0,0.0,0.0,2.0,47.28,23.64
78,11,35-44,female,844,1.0,42.01,844,49.774882,8.0,5.25125,0.947867,49.774882,1.0,3.0,2.0,0.0,2.0,42.01,14.003333
79,11,25-34,female,1036,1.007722,44.81,1044,42.921456,11.0,4.0736360000000005,1.05364,43.252896,0.0,1.0,1.0,0.0,2.0,,44.81
80,11,25-34,male,2025,1.012346,71.07,2050,34.668293,21.0,3.384286,1.02439,35.096296,2.0,4.0,0.0,0.0,4.0,35.535,17.7675
81,11,25-34,unknown,98,1.0,3.09,98,31.530611999999998,0.0,,,31.530611999999998,0.0,0.0,0.0,0.0,0.0,,
82,12,35-44,unknown,78,1.0,1.98,78,25.384615,0.0,,,25.384615,0.0,0.0,0.0,0.0,0.0,,
83,12,35-44,male,1940,1.0,63.82,1940,32.896907,7.0,9.117142999999999,0.360825,32.896907,5.0,5.0,1.0,0.0,5.0,12.764000000000001,12.764000000000001
84,12,25-34,unknown,66,1.136364,1.91,75,25.466667,0.0,,,28.939394,0.0,0.0,0.0,0.0,0.0,,
85,12,35-44,female,1298,1.030817,54.64,1338,40.837070000000004,9.0,6.071111,0.672646,42.095532,1.0,1.0,0.0,0.0,3.0,54.64,54.64
86,12,25-34,male,1696,1.023585,57.14,1736,32.914747,12.0,4.761667,0.691244,33.691038,3.0,4.0,3.0,0.0,2.0,19.046667000000003,14.285
87,12,25-34,female,818,1.0,33.19,818,40.574571999999996,6.0,5.531667,0.733496,40.574571999999996,1.0,2.0,0.0,0.0,3.0,33.19,16.595
88,13,65+,male,0,0.0,0.05,2,25.0,0.0,,,0.0,0.0,0.0,0.0,0.0,0.0,,
89,13,35-44,male,31776,1.312406,1319.41,41703,31.638251,629.0,2.0976310000000002,1.508285,41.522218,28.0,118.0,7.0,10.0,35.0,47.121786,11.181441
90,13,35-44,unknown,736,1.330163,28.11,979,28.712971999999997,13.0,2.1623080000000003,1.3278860000000001,38.192935,0.0,1.0,0.0,0.0,0.0,,28.11
91,13,35-44,female,7424,1.2291219999999998,327.04,9125,35.84,91.0,3.593846,0.99726,44.051724,2.0,26.0,7.0,1.0,23.0,163.52,12.578462
92,13,25-34,unknown,1728,1.231481,54.57,2128,25.643797,22.0,2.480455,1.033835,31.579860999999998,1.0,7.0,0.0,2.0,6.0,54.57,7.795714
93,13,25-34,female,9888,1.094862,368.43,10826,34.03196,101.0,3.647822,0.932939,37.260315999999996,7.0,35.0,5.0,2.0,12.0,52.632856999999994,10.526571
94,13,25-34,male,53824,1.2284110000000001,2022.61,66118,30.590913,1021.0,1.981009,1.544209,37.578218,72.0,235.0,9.0,14.0,44.0,28.091806,8.606850999999999
95,13,18-24,female,0,0.0,0.01,1,10.0,0.0,,,0.0,0.0,0.0,0.0,0.0,0.0,,
96,14,45-54,female,1,1.0,0.01,1,10.0,0.0,,,10.0,0.0,0.0,0.0,0.0,0.0,,
97,14,35-44,male,3959,1.0,120.24,3959,30.371306,52.0,2.3123080000000003,1.3134629999999998,30.371306,1.0,13.0,0.0,0.0,3.0,120.24,9.249231
98,14,35-44,unknown,54,1.296296,1.68,70,24.0,0.0,,,31.111110999999998,0.0,0.0,0.0,0.0,0.0,,
99,14,35-44,female,1351,1.023686,45.83,1383,33.138106,12.0,3.8191669999999998,0.8676790000000001,33.92302,0.0,3.0,2.0,1.0,0.0,,15.276667000000002
100,14,25-34,unknown,56,1.1785709999999998,1.47,66,22.272727,0.0,,,26.25,0.0,0.0,0.0,0.0,0.0,,
101,14,25-34,female,1049,1.022879,35.25,1073,32.851817,5.0,7.05,0.465983,33.603432,0.0,0.0,0.0,0.0,2.0,,
102,14,25-34,male,2719,1.0,70.89,2719,26.072085,36.0,1.969167,1.324016,26.072085,0.0,4.0,0.0,0.0,1.0,,17.7225
103,15,25-34,female,76,1.0,2.89,76,38.026315999999994,0.0,,,38.026315999999994,0.0,0.0,0.0,0.0,0.0,,
104,15,25-34,male,144,1.0,5.16,144,35.833333,1.0,5.16,0.694444,35.833333,0.0,0.0,0.0,0.0,0.0,,
105,15,35-44,unknown,6,1.0,0.1,6,16.666667,0.0,,,16.666667,0.0,0.0,0.0,0.0,0.0,,
106,15,35-44,male,101,1.0,3.91,101,38.712871,0.0,,,38.712871,0.0,0.0,0.0,0.0,0.0,,
107,15,25-34,unknown,5,1.0,0.09,5,18.0,0.0,,,18.0,0.0,0.0,0.0,0.0,0.0,,
108,15,35-44,female,74,1.0,3.44,74,46.486486,0.0,,,46.486486,0.0,0.0,0.0,0.0,0.0,,
109,16,55-64,female,0,0.0,0.01,1,10.0,0.0,,,0.0,0.0,0.0,0.0,0.0,0.0,,
110,16,35-44,unknown,344,1.017442,6.42,350,18.342857000000002,2.0,3.21,0.571429,18.662791,0.0,0.0,0.0,0.0,0.0,,
111,16,35-44,female,7672,1.145464,270.2,8788,30.746471999999997,73.0,3.70137,0.830678,35.218978,2.0,8.0,24.0,6.0,50.0,135.1,33.775
112,16,35-44,male,6472,1.2089,187.56,7824,23.972393,54.0,3.4733330000000002,0.690184,28.980221999999998,3.0,5.0,5.0,0.0,22.0,62.52,37.512
113,16,25-34,unknown,528,1.193182,13.13,630,20.84127,3.0,4.376666999999999,0.47618999999999995,24.867424,0.0,0.0,1.0,0.0,3.0,,
114,16,25-34,male,10936,1.132224,281.9,12382,22.766920000000002,93.0,3.031183,0.7510899999999999,25.777248999999998,4.0,6.0,7.0,3.0,34.0,70.475,46.983333
115,16,18-24,male,0,0.0,0.01,1,10.0,0.0,,,0.0,0.0,0.0,0.0,0.0,0.0,,
116,16,25-34,female,7256,1.130926,227.47,8206,27.719960999999998,60.0,3.7911669999999997,0.731172,31.349228000000004,4.0,9.0,15.0,3.0,38.0,56.8675,25.274444
117,17,35-44,male,3992,1.118737,114.56,4466,25.65159,27.0,4.242963,0.604568,28.697395,2.0,4.0,2.0,0.0,17.0,57.28,28.64
118,17,35-44,unknown,227,1.0,6.53,227,28.76652,4.0,1.6325,1.762115,28.76652,0.0,4.0,0.0,0.0,0.0,,1.6325
119,17,35-44,female,2168,1.046125,76.19,2268,33.593474,19.0,4.01,0.837743,35.142989,1.0,3.0,1.0,0.0,10.0,76.19,25.396667
120,17,25-34,unknown,435,1.0,10.46,435,24.045977,3.0,3.4866669999999997,0.689655,24.045977,0.0,2.0,0.0,0.0,1.0,,5.23
121,17,25-34,female,2548,1.065934,76.84,2716,28.291605,22.0,3.4927269999999995,0.8100149999999999,30.156986,0.0,2.0,3.0,1.0,10.0,,38.42
122,17,25-34,male,9292,1.08136,229.95,10048,22.885151,68.0,3.381618,0.676752,24.747094,6.0,15.0,6.0,0.0,15.0,38.325,15.33
123,18,35-44,male,9488,1.2255479999999999,356.42,11628,30.651875,157.0,2.270191,1.3501889999999999,37.565346000000005,6.0,28.0,6.0,7.0,30.0,59.403332999999996,12.729286
124,18,35-44,unknown,336,1.517857,13.78,510,27.019608,7.0,1.9685709999999998,1.372549,41.011905,0.0,0.0,0.0,0.0,0.0,,
125,18,35-44,female,4832,1.271937,226.85,6146,36.910185,70.0,3.240714,1.138952,46.947434,5.0,14.0,14.0,2.0,17.0,45.37,16.203571
126,18,25-34,unknown,768,1.2578129999999998,25.6,966,26.501034999999998,9.0,2.8444439999999998,0.9316770000000001,33.333333,0.0,0.0,0.0,0.0,1.0,,
127,18,25-34,female,7008,1.2158959999999999,285.0,8521,33.446779,85.0,3.3529410000000004,0.9975360000000001,40.667808,2.0,20.0,6.0,2.0,38.0,142.5,14.25
128,18,25-34,male,20944,1.123138,678.31,23523,28.836033,325.0,2.087108,1.381626,32.386841,24.0,59.0,9.0,4.0,44.0,28.262916999999998,11.496780000000001
129,18,45-54,female,1,1.0,0.01,1,10.0,0.0,,,10.0,0.0,0.0,0.0,0.0,0.0,,
130,18,45-54,male,0,0.0,0.01,1,10.0,0.0,,,0.0,0.0,0.0,0.0,0.0,0.0,,
131,19,25-34,female,3316,1.013269,100.32,3360,29.857143,43.0,2.333023,1.279762,30.253317,1.0,3.0,7.0,0.0,11.0,100.32,33.44
132,19,25-34,male,8348,1.038333,217.92,8668,25.140748000000002,101.0,2.157624,1.1652049999999998,26.104456,3.0,8.0,7.0,4.0,16.0,72.64,27.24
133,19,25-34,unknown,312,1.0,7.18,312,23.012821,1.0,7.18,0.320513,23.012821,0.0,0.0,1.0,0.0,1.0,,
134,19,65+,female,1,1.0,0.04,1,40.0,0.0,,,40.0,0.0,0.0,0.0,0.0,0.0,,
135,19,35-44,unknown,128,1.03125,2.63,132,19.924242,2.0,1.315,1.515152,20.546875,0.0,0.0,0.0,0.0,0.0,,
136,19,35-44,female,1752,1.132991,63.32,1985,31.899244,30.0,2.110667,1.511335,36.141553,0.0,3.0,6.0,0.0,12.0,,21.106667
137,19,35-44,male,3832,1.052453,101.48,4033,25.16241,42.0,2.4161900000000003,1.041408,26.482255,0.0,1.0,5.0,5.0,10.0,,101.48
138,20,25-34,female,2528,1.0850469999999999,75.65,2743,27.579293,31.0,2.440323,1.130149,29.924841999999998,1.0,5.0,0.0,0.0,2.0,75.65,15.13
139,20,25-34,male,10576,1.07952,278.48,11417,24.391697,115.0,2.421565,1.00727,26.331315999999998,2.0,11.0,1.0,4.0,4.0,139.24,25.316364
140,20,45-54,male,0,0.0,0.01,1,10.0,0.0,,,0.0,0.0,0.0,0.0,0.0,0.0,,
141,20,35-44,unknown,116,1.284483,3.2,149,21.47651,1.0,3.2,0.671141,27.586207,0.0,1.0,0.0,0.0,0.0,,3.2
142,20,35-44,male,3700,1.062973,98.85,3933,25.133485999999998,35.0,2.824286,0.889906,26.716215999999996,2.0,4.0,5.0,0.0,5.0,49.425,24.7125
143,20,25-34,unknown,264,1.19697,6.76,316,21.392405,2.0,3.38,0.632911,25.606060999999997,0.0,0.0,0.0,0.0,0.0,,
144,20,35-44,female,1100,1.052727,32.49,1158,28.056995,4.0,8.1225,0.345423,29.536364000000003,0.0,1.0,0.0,1.0,1.0,,32.49
145,21,25-34,female,1282,1.1794069999999999,46.63,1512,30.839947,23.0,2.027391,1.521164,36.372855,1.0,5.0,0.0,0.0,4.0,46.63,9.326
146,21,25-34,male,2836,1.2232020000000001,88.09,3469,25.393485000000002,45.0,1.957556,1.297204,31.061353999999998,0.0,0.0,1.0,0.0,2.0,,
147,21,25-34,unknown,116,1.258621,3.18,146,21.780822,2.0,1.59,1.3698629999999998,27.413793,0.0,0.0,0.0,0.0,0.0,,
148,21,35-44,female,1184,1.092905,45.44,1294,35.11592,23.0,1.975652,1.777434,38.378378000000005,1.0,5.0,2.0,0.0,6.0,45.44,9.088
149,21,35-44,male,1992,1.199799,70.36,2390,29.439331,36.0,1.9544439999999998,1.506276,35.321284999999996,1.0,3.0,3.0,0.0,2.0,70.36,23.453332999999997
150,21,35-44,unknown,58,1.3275860000000002,2.29,77,29.74026,1.0,2.29,1.298701,39.482759,0.0,0.0,0.0,0.0,0.0,,
151,21,45-54,male,0,0.0,0.04,1,40.0,0.0,,,0.0,0.0,0.0,0.0,0.0,0.0,,
152,22,35-44,male,3060,1.193791,74.92,3653,20.509171,55.0,1.362182,1.5056120000000002,24.48366,4.0,8.0,0.0,0.0,1.0,18.73,9.365
153,22,35-44,unknown,98,1.255102,2.6,123,21.138211,3.0,0.866667,2.4390240000000003,26.530611999999998,0.0,0.0,0.0,0.0,0.0,,
154,22,35-44,female,1460,1.1732879999999999,41.16,1713,24.028021,25.0,1.6464,1.4594280000000002,28.191781,0.0,5.0,0.0,0.0,2.0,,8.232000000000001
155,22,25-34,unknown,178,1.067416,3.89,190,20.473684,3.0,1.296667,1.5789469999999999,21.853932999999998,0.0,1.0,0.0,0.0,0.0,,3.89
156,22,25-34,female,1412,1.154391,36.08,1630,22.134969,18.0,2.004444,1.104294,25.552408,0.0,2.0,2.0,0.0,0.0,,18.04
157,22,25-34,male,4232,1.198251,97.46,5071,19.219089,74.0,1.317027,1.459278,23.029301,3.0,18.0,1.0,0.0,2.0,32.486667,5.4144440000000005
158,23,35-44,unknown,82,1.060976,2.07,87,23.793103,2.0,1.035,2.298851,25.243902,0.0,0.0,0.0,0.0,0.0,,
159,23,35-44,male,2408,1.184801,69.46,2853,24.346301999999998,54.0,1.2862959999999999,1.8927439999999998,28.845515000000002,0.0,9.0,1.0,0.0,3.0,,7.717778
160,23,25-34,unknown,128,1.2109379999999998,3.05,155,19.677419,2.0,1.525,1.2903229999999999,23.828125,0.0,0.0,0.0,0.0,0.0,,
161,23,35-44,female,758,1.228232,28.53,931,30.644468,16.0,1.783125,1.718582,37.638521999999995,0.0,3.0,1.0,0.0,1.0,,9.51
162,23,25-34,male,4204,1.22098,120.41,5133,23.458017,90.0,1.3378889999999999,1.753361,28.64177,1.0,10.0,0.0,2.0,2.0,120.41,12.040999999999999
163,23,25-34,female,934,1.1145610000000001,30.05,1041,28.866475,7.0,4.292857,0.67243,32.173448,1.0,6.0,0.0,1.0,0.0,30.05,5.008333
164,24,35-44,unknown,180,1.105556,5.28,199,26.532663,0.0,,,29.333333000000003,0.0,0.0,0.0,1.0,4.0,,
165,24,45-54,male,0,0.0,0.02,1,20.0,0.0,,,0.0,0.0,0.0,0.0,0.0,0.0,,
166,24,35-44,male,3296,1.039442,76.6,3426,22.358435,11.0,6.963636,0.32107399999999997,23.240291,1.0,3.0,16.0,2.0,84.0,76.6,25.533333
167,24,35-44,female,2956,1.067321,101.16,3155,32.063390999999996,14.0,7.225714,0.44373999999999997,34.221922,0.0,3.0,16.0,0.0,95.0,,33.72
168,24,25-34,male,3988,1.0293379999999999,80.11,4105,19.515225,10.0,8.011000000000001,0.24360500000000002,20.087763,1.0,2.0,9.0,8.0,75.0,80.11,40.055
169,24,25-34,unknown,200,1.09,4.37,218,20.045872,0.0,,,21.85,0.0,1.0,0.0,0.0,1.0,,4.37
170,24,65+,female,1,1.0,0.02,1,20.0,0.0,,,20.0,0.0,0.0,0.0,0.0,0.0,,
171,24,25-34,female,2320,1.0107760000000001,60.86,2345,25.953092,7.0,8.694286,0.298507,26.232759,0.0,1.0,4.0,0.0,52.0,,60.86
172,24,25-34,male,29472,1.1408459999999998,747.4,33623,22.228831,304.0,2.4585529999999998,0.904143,25.359663,14.0,34.0,11.0,4.0,56.0,53.385714,21.982353
173,24,25-34,unknown,1376,1.0,29.98,1376,21.787791,10.0,2.998,0.726744,21.787791,0.0,0.0,1.0,0.0,2.0,,
174,24,25-34,female,16400,1.197805,601.03,19644,30.596110999999997,219.0,2.7444290000000002,1.114844,36.648171000000005,12.0,37.0,18.0,4.0,60.0,50.085833,16.244054000000002
175,24,35-44,female,13920,1.2031610000000001,595.97,16748,35.584547,184.0,3.2389669999999997,1.098639,42.813937,13.0,32.0,28.0,11.0,70.0,45.843846,18.624063
176,24,35-44,male,16400,1.1960979999999999,504.58,19616,25.722879000000002,195.0,2.58759,0.994086,30.767073,10.0,25.0,19.0,5.0,50.0,50.458,20.1832
177,24,65+,male,0,0.0,0.04,2,20.0,0.0,,,0.0,0.0,0.0,0.0,0.0,0.0,,
178,24,35-44,unknown,368,1.9239130000000002,17.64,708,24.915254,11.0,1.603636,1.553672,47.934783,0.0,1.0,0.0,0.0,1.0,,17.64
179,24,65+,female,0,0.0,0.14,1,140.0,0.0,,,0.0,0.0,0.0,0.0,0.0,1.0,,
180,25,35-44,unknown,116,1.034483,3.39,120,28.25,3.0,1.13,2.5,29.224138,0.0,0.0,0.0,0.0,0.0,,
181,25,35-44,male,1726,1.008691,47.62,1741,27.352096000000003,14.0,3.4014290000000003,0.804136,27.589803000000003,1.0,1.0,0.0,0.0,2.0,47.62,47.62
182,25,35-44,female,1390,1.0402879999999999,57.9,1446,40.041494,11.0,5.263636,0.7607189999999999,41.654676,1.0,2.0,3.0,0.0,4.0,57.9,28.95
183,25,25-34,male,3246,1.005853,87.99,3265,26.949464000000003,30.0,2.9330000000000003,0.9188360000000001,27.107209,1.0,17.0,1.0,0.0,2.0,87.99,5.175882
184,25,25-34,unknown,211,1.0,5.42,211,25.687204,3.0,1.8066669999999998,1.421801,25.687204,0.0,0.0,1.0,0.0,0.0,,
185,25,25-34,female,2490,1.001205,93.88,2493,37.657441,24.0,3.911667,0.9626959999999999,37.702811,3.0,4.0,3.0,0.0,3.0,31.293333,23.47
186,26,35-44,unknown,16,1.0,0.54,16,33.75,0.0,,,33.75,0.0,0.0,0.0,0.0,0.0,,
187,26,35-44,male,430,1.002326,18.05,431,41.87935,2.0,9.025,0.464037,41.976744000000004,0.0,0.0,0.0,0.0,1.0,,
188,26,35-44,female,184,1.016304,9.49,187,50.748663,2.0,4.745,1.069519,51.576087,0.0,0.0,0.0,0.0,1.0,,
189,26,25-34,female,426,1.0,16.95,426,39.788732,4.0,4.2375,0.938967,39.788732,0.0,0.0,0.0,0.0,1.0,,
190,26,25-34,male,1158,1.001727,44.32,1160,38.206897,6.0,7.386667,0.517241,38.272884000000005,0.0,1.0,0.0,0.0,0.0,,44.32
191,26,25-34,unknown,48,1.0,1.36,48,28.333333000000003,0.0,,,28.333333000000003,0.0,0.0,0.0,0.0,0.0,,
192,27,25-34,female,3832,1.045146,176.95,4005,44.182272,41.0,4.315854,1.02372,46.176931,1.0,5.0,2.0,0.0,11.0,176.95,35.39
193,27,25-34,male,13088,1.012225,461.19,13248,34.812047,145.0,3.180621,1.0945049999999998,35.237621999999995,9.0,27.0,4.0,2.0,6.0,51.243333,17.081111
194,27,25-34,unknown,568,1.047535,18.37,595,30.87395,6.0,3.061667,1.0084030000000002,32.341549,0.0,2.0,1.0,0.0,1.0,,9.185
195,27,35-44,unknown,205,1.0,6.97,205,34.0,1.0,6.97,0.48780500000000004,34.0,0.0,0.0,0.0,0.0,1.0,,
196,27,35-44,female,2633,1.0,132.95,2633,50.493733,32.0,4.154688,1.215344,50.493733,0.0,2.0,5.0,0.0,7.0,,66.475
197,27,35-44,male,4944,1.04288,207.9,5156,40.321954999999996,53.0,3.9226419999999997,1.027929,42.050971000000004,1.0,10.0,2.0,0.0,6.0,207.9,20.79
198,28,25-34,male,4636,1.006687,155.25,4667,33.265481,26.0,5.971154,0.557103,33.487921,1.0,3.0,0.0,1.0,3.0,155.25,51.75
199,28,25-34,unknown,120,1.0,3.21,120,26.75,2.0,1.605,1.666667,26.75,0.0,0.0,0.0,0.0,0.0,,
200,28,25-34,female,955,1.0,41.16,955,43.099476,11.0,3.741818,1.151832,43.099476,0.0,3.0,0.0,0.0,1.0,,13.72
201,28,35-44,female,714,1.029412,36.81,735,50.081633000000004,6.0,6.135,0.816327,51.554621999999995,0.0,0.0,0.0,0.0,2.0,,
202,28,35-44,male,2556,1.018779,109.69,2604,42.123656,33.0,3.3239389999999998,1.2672809999999999,42.91471,3.0,5.0,1.0,0.0,0.0,36.563333,21.938000000000002
203,28,35-44,unknown,56,1.0,2.15,56,38.392857,0.0,,,38.392857,0.0,0.0,0.0,0.0,0.0,,
204,29,25-34,female,999,1.0,42.34,999,42.382382,9.0,4.7044440000000005,0.9009010000000001,42.382382,0.0,3.0,1.0,0.0,0.0,,14.113332999999999
205,29,25-34,male,2370,1.0156120000000002,71.37,2407,29.651018,19.0,3.7563160000000004,0.7893640000000001,30.113924,0.0,8.0,0.0,0.0,1.0,,8.92125
206,29,25-34,unknown,94,1.106383,2.94,104,28.269231,1.0,2.94,0.9615379999999999,31.276596,0.0,0.0,0.0,0.0,0.0,,
207,29,45-54,female,0,0.0,0.05,1,50.0,0.0,,,0.0,0.0,0.0,0.0,0.0,0.0,,
208,29,35-44,unknown,46,1.217391,2.2,56,39.285714,1.0,2.2,1.785714,47.826087,0.0,0.0,0.0,0.0,0.0,,
209,29,35-44,female,650,1.0138459999999998,29.87,659,45.326252000000004,5.0,5.974,0.758725,45.953846,0.0,0.0,0.0,0.0,0.0,,
210,29,35-44,male,890,1.0247190000000002,31.96,912,35.043859999999995,7.0,4.565714,0.767544,35.910112,0.0,0.0,0.0,0.0,1.0,,
211,30,25-34,female,898,1.0,33.53,898,37.33853,9.0,3.7255559999999996,1.002227,37.33853,1.0,5.0,1.0,0.0,4.0,33.53,6.706
212,30,25-34,male,3564,1.000842,94.83,3567,26.585365999999997,20.0,4.7415,0.5606949999999999,26.607744,2.0,2.0,0.0,0.0,1.0,47.415,47.415
213,30,25-34,unknown,116,1.112069,3.79,129,29.379845,1.0,3.79,0.7751939999999999,32.672414,0.0,0.0,0.0,0.0,0.0,,
214,30,35-44,female,579,1.0,26.72,579,46.148532,4.0,6.68,0.690846,46.148532,1.0,1.0,0.0,0.0,3.0,26.72,26.72
215,30,35-44,male,1614,1.012392,54.64,1634,33.439412,16.0,3.415,0.9791920000000001,33.853778999999996,3.0,7.0,1.0,0.0,4.0,18.213333,7.805714
216,30,35-44,unknown,70,1.0,1.89,70,27.0,1.0,1.89,1.4285709999999998,27.0,0.0,0.0,0.0,0.0,0.0,,
217,31,25-34,female,10976,1.18422,326.68,12998,25.133097,166.0,1.9679520000000001,1.27712,29.76312,10.0,28.0,28.0,4.0,52.0,32.668,11.667143
218,31,25-34,male,31200,1.19484,717.28,37279,19.240859,459.0,1.562702,1.231256,22.989744,12.0,40.0,32.0,22.0,81.0,59.773332999999994,17.932000000000002
219,31,18-24,male,0,0.0,0.0,1,0.0,0.0,,,0.0,0.0,0.0,0.0,0.0,0.0,,
220,31,25-34,unknown,1296,1.145833,28.84,1485,19.420875,17.0,1.6964709999999998,1.144781,22.253086,1.0,1.0,2.0,1.0,5.0,28.84,28.84
221,31,35-44,female,9568,1.218645,325.49,11660,27.915094,182.0,1.788407,1.560892,34.018603999999996,2.0,15.0,38.0,7.0,50.0,162.745,21.699333
222,31,45-54,male,2,1.0,0.07,2,35.0,0.0,,,35.0,0.0,0.0,0.0,0.0,0.0,,
223,31,45-54,female,0,0.0,0.03,1,30.0,0.0,,,0.0,0.0,0.0,0.0,0.0,0.0,,
224,31,35-44,male,19312,1.180561,478.53,22799,20.989078,262.0,1.82645,1.149173,24.778894,4.0,10.0,29.0,15.0,53.0,119.6325,47.853
225,31,35-44,unknown,480,1.645833,17.06,790,21.594936999999998,16.0,1.06625,2.025316,35.541667,0.0,1.0,2.0,0.0,0.0,,17.06
226,32,35-44,unknown,128,1.46875,5.74,188,30.531915,2.0,2.87,1.0638299999999998,44.84375,0.0,0.0,1.0,0.0,0.0,,
227,32,55-64,male,0,0.0,0.04,1,40.0,0.0,,,0.0,0.0,0.0,0.0,0.0,0.0,,
228,32,35-44,male,6928,1.010826,213.66,7003,30.509782,73.0,2.9268490000000003,1.04241,30.840069,3.0,10.0,7.0,0.0,13.0,71.22,21.366
229,32,35-44,female,1960,1.090306,88.69,2137,41.502106,15.0,5.912667,0.701919,45.25,0.0,3.0,2.0,2.0,10.0,,29.563333
230,32,25-34,male,13352,1.124401,393.55,15013,26.213948000000002,170.0,2.315,1.132352,29.474984999999997,3.0,25.0,4.0,5.0,13.0,131.183333,15.742
231,32,25-34,unknown,376,1.074468,10.7,404,26.485149,3.0,3.566667,0.742574,28.457447,0.0,1.0,0.0,0.0,1.0,,10.7
232,32,25-34,female,2816,1.022017,95.16,2878,33.064628000000006,35.0,2.718857,1.216122,33.792614,0.0,4.0,5.0,0.0,3.0,,23.79
233,33,25-34,female,3344,1.195275,136.26,3997,34.090568,57.0,2.390526,1.4260700000000002,40.747608,6.0,13.0,3.0,1.0,5.0,22.71,10.481538
234,33,25-34,male,26512,1.200136,857.84,31818,26.96084,640.0,1.340375,2.0114400000000003,32.356669000000004,17.0,158.0,7.0,8.0,16.0,50.461176,5.429367
235,33,25-34,unknown,624,1.003205,15.76,626,25.175719,7.0,2.251429,1.118211,25.25641,0.0,1.0,0.0,3.0,0.0,,15.76
236,33,35-44,female,2624,1.175686,119.0,3085,38.573744,34.0,3.5,1.102107,45.350609999999996,0.0,9.0,0.0,0.0,9.0,,13.222222
237,33,45-54,unknown,0,0.0,0.01,1,10.0,0.0,,,0.0,0.0,0.0,0.0,0.0,0.0,,
238,33,35-44,male,14784,1.1560469999999998,524.06,17091,30.662922,373.0,1.404987,2.182435,35.447781,6.0,79.0,1.0,8.0,23.0,87.343333,6.6336710000000005
239,33,35-44,unknown,240,1.404167,10.37,337,30.771513,4.0,2.5925,1.186944,43.208333,1.0,1.0,1.0,0.0,0.0,10.37,10.37
240,33,45-54,male,0,0.0,0.1,1,100.0,0.0,,,0.0,0.0,0.0,0.0,0.0,0.0,,
241,34,35-44,unknown,30,1.466667,0.53,44,12.045455,0.0,,,17.666667,0.0,0.0,0.0,0.0,0.0,,
242,34,35-44,female,1244,1.0160770000000001,25.05,1264,19.818038,2.0,12.525,0.158228,20.136656,1.0,2.0,3.0,2.0,27.0,25.05,12.525
243,34,35-44,male,856,1.025701,11.81,878,13.451025,2.0,5.905,0.22779000000000002,13.796729000000001,0.0,0.0,3.0,1.0,10.0,,
244,34,25-34,unknown,147,1.0,2.33,147,15.85034,0.0,,,15.85034,0.0,0.0,1.0,0.0,1.0,,
245,34,25-34,male,1744,1.015482,25.61,1771,14.460757000000001,4.0,6.4025,0.225861,14.684632999999998,0.0,1.0,1.0,1.0,20.0,,25.61
246,34,25-34,female,2043,1.0,37.12,2043,18.169359,5.0,7.4239999999999995,0.244738,18.169359,1.0,2.0,2.0,2.0,31.0,37.12,18.56
247,35,25-34,unknown,43,1.023256,2.08,44,47.272727,2.0,1.04,4.5454550000000005,48.372093,0.0,0.0,0.0,0.0,0.0,,
248,35,35-44,female,320,1.00625,13.25,322,41.149068,1.0,13.25,0.31055900000000003,41.40625,0.0,1.0,0.0,0.0,0.0,,13.25
249,35,25-34,male,936,1.016026,36.25,951,38.117771000000005,2.0,18.125,0.21030500000000002,38.728632,0.0,0.0,0.0,0.0,0.0,,
250,35,25-34,female,459,1.010893,17.78,464,38.318965999999996,2.0,8.89,0.43103400000000003,38.736383000000004,0.0,0.0,0.0,0.0,1.0,,
251,35,35-44,male,517,1.0135399999999999,17.32,524,33.053435,2.0,8.66,0.381679,33.500966999999996,0.0,0.0,1.0,0.0,2.0,,
252,35,35-44,unknown,27,1.0,0.8,27,29.62963,0.0,,,29.62963,0.0,0.0,0.0,0.0,0.0,,
253,36,25-34,female,3900,1.06359,137.27,4148,33.093057,42.0,3.268333,1.012536,35.197435999999996,3.0,5.0,3.0,0.0,12.0,45.756667,27.454
254,36,35-44,unknown,148,1.317568,6.12,195,31.384615000000004,2.0,3.06,1.025641,41.351351,0.0,1.0,0.0,0.0,1.0,,6.12
255,36,35-44,male,3932,1.050865,116.4,4132,28.170378000000003,29.0,4.013793,0.701839,29.603254999999997,0.0,2.0,2.0,1.0,9.0,,58.2
256,36,35-44,female,2224,1.043165,92.04,2320,39.672414,17.0,5.414118,0.732759,41.384892,1.0,5.0,0.0,1.0,6.0,92.04,18.408
257,36,25-34,male,6668,1.121476,188.65,7478,25.227334,73.0,2.584247,0.976197,28.291842,1.0,7.0,0.0,1.0,4.0,188.65,26.95
258,36,25-34,unknown,460,1.0695649999999999,13.71,492,27.865854,2.0,6.855,0.406504,29.804347999999997,0.0,0.0,0.0,0.0,0.0,,
